{"cameraMode":{"drawMode":0,"name":"Shaded","section":"Shading Mode"},"sceneLighting":false,"audioPlay":false,"sceneViewState":{"m_AlwaysRefresh":false,"showFog":false,"showSkybox":false,"showFlares":false,"showImageEffects":false,"showParticleSystems":false,"showVisualEffectGraphs":true,"m_FxEnabled":true},"in2DMode":false,"pivot":{"x":-0.14673882722854615,"y":1.2765133380889893,"z":-0.22841355204582215},"rotation":{"x":-1.75916937267262e-11,"y":0.9849002361297607,"z":-0.1731232851743698,"w":-5.390456969678326e-10},"size":0.39642417430877688,"orthographic":true}