{"cameraMode":{"drawMode":0,"name":"Shaded","section":"Shading Mode"},"sceneLighting":false,"audioPlay":false,"sceneViewState":{"m_AlwaysRefresh":false,"showFog":false,"showSkybox":false,"showFlares":false,"showImageEffects":false,"showParticleSystems":false,"showVisualEffectGraphs":true,"m_FxEnabled":true},"in2DMode":false,"pivot":{"x":-0.002938389778137207,"y":0.7329354882240295,"z":-0.46965569257736208},"rotation":{"x":-0.08674661070108414,"y":0.9129284024238586,"z":-0.26895326375961306,"w":-0.294450581073761},"size":1.6057385206222535,"orthographic":true}