{"cameraMode":{"drawMode":0,"name":"Shaded","section":"Shading Mode"},"sceneLighting":false,"audioPlay":false,"sceneViewState":{"m_AlwaysRefresh":false,"showFog":false,"showSkybox":false,"showFlares":false,"showImageEffects":false,"showParticleSystems":false,"showVisualEffectGraphs":true,"m_FxEnabled":true},"in2DMode":false,"pivot":{"x":0.015255540609359742,"y":0.6403553485870361,"z":-0.00650942325592041},"rotation":{"x":0.10094441473484039,"y":0.07487280666828156,"z":-0.007589978631585836,"w":0.9920788407325745},"size":1.1684650182724,"orthographic":true}