{"cameraMode":{"drawMode":0,"name":"Shaded","section":"Shading Mode"},"sceneLighting":false,"audioPlay":false,"sceneViewState":{"m_AlwaysRefresh":false,"showFog":false,"showSkybox":false,"showFlares":false,"showImageEffects":false,"showParticleSystems":false,"showVisualEffectGraphs":true,"m_FxEnabled":true},"in2DMode":false,"pivot":{"x":0.22409391403198243,"y":1.2684054374694825,"z":0.11759200692176819},"rotation":{"x":0.08410943299531937,"y":0.8666881322860718,"z":-0.46618449687957766,"w":0.15636800229549409},"size":0.12442562729120255,"orthographic":true}