{"cameraMode":{"drawMode":0,"name":"Shaded","section":"Shading Mode"},"sceneLighting":false,"audioPlay":false,"sceneViewState":{"m_AlwaysRefresh":false,"showFog":false,"showSkybox":false,"showFlares":false,"showImageEffects":false,"showParticleSystems":false,"showVisualEffectGraphs":true,"m_FxEnabled":true},"in2DMode":false,"pivot":{"x":-0.38113832473754885,"y":0.8089754581451416,"z":-0.002489466220140457},"rotation":{"x":0.3448137938976288,"y":0.6351746916770935,"z":-0.3789328932762146,"w":0.5779921412467957},"size":0.22829362750053407,"orthographic":false}