{"cameraMode":{"drawMode":0,"name":"Shaded","section":"Shading Mode"},"sceneLighting":false,"audioPlay":false,"sceneViewState":{"m_AlwaysRefresh":false,"showFog":false,"showSkybox":false,"showFlares":false,"showImageEffects":false,"showParticleSystems":false,"showVisualEffectGraphs":true,"m_FxEnabled":true},"in2DMode":false,"pivot":{"x":-0.03814953938126564,"y":0.7248955965042114,"z":0.19398358464241029},"rotation":{"x":-0.0966363176703453,"y":0.7303905487060547,"z":-0.6678504943847656,"w":-0.10568516701459885},"size":0.25781065225601199,"orthographic":true}