{"cameraMode":{"drawMode":0,"name":"Shaded","section":"Shading Mode"},"sceneLighting":false,"audioPlay":false,"sceneViewState":{"m_AlwaysRefresh":false,"showFog":false,"showSkybox":false,"showFlares":false,"showImageEffects":false,"showParticleSystems":false,"showVisualEffectGraphs":true,"m_FxEnabled":true},"in2DMode":false,"pivot":{"x":0.6540781259536743,"y":1.3248659372329713,"z":-0.02301112562417984},"rotation":{"x":0.014882455579936505,"y":0.9099129438400269,"z":-0.4132368862628937,"w":0.03277106210589409},"size":0.23874889314174653,"orthographic":false}