{"cameraMode":{"drawMode":0,"name":"Shaded","section":"Shading Mode"},"sceneLighting":false,"audioPlay":false,"sceneViewState":{"m_AlwaysRefresh":false,"showFog":false,"showSkybox":false,"showFlares":false,"showImageEffects":false,"showParticleSystems":false,"showVisualEffectGraphs":true,"m_FxEnabled":true},"in2DMode":false,"pivot":{"x":0.05609823763370514,"y":1.194645881652832,"z":0.060722410678863528},"rotation":{"x":-0.11702307313680649,"y":0.01401796005666256,"z":0.0017628151690587402,"w":0.9930669069290161},"size":0.5299506783485413,"orthographic":true}