{"cameraMode":{"drawMode":0,"name":"Shaded","section":"Shading Mode"},"sceneLighting":false,"audioPlay":false,"sceneViewState":{"m_AlwaysRefresh":false,"showFog":false,"showSkybox":false,"showFlares":false,"showImageEffects":false,"showParticleSystems":false,"showVisualEffectGraphs":true,"m_FxEnabled":true},"in2DMode":false,"pivot":{"x":0.12726253271102906,"y":0.9974998235702515,"z":-0.2901213765144348},"rotation":{"x":-0.010561111383140087,"y":-0.9860862493515015,"z":0.15085817873477937,"w":-0.06903349608182907},"size":0.5651122331619263,"orthographic":false}