{"cameraMode":{"drawMode":0,"name":"Shaded","section":"Shading Mode"},"sceneLighting":true,"audioPlay":false,"sceneViewState":{"m_AlwaysRefresh":false,"showFog":true,"showSkybox":true,"showFlares":true,"showImageEffects":true,"showParticleSystems":true,"showVisualEffectGraphs":true,"m_FxEnabled":true},"in2DMode":false,"pivot":{"x":-0.4360750615596771,"y":0.6693875789642334,"z":0.07795195281505585},"rotation":{"x":-0.12810344994068147,"y":0.23677866160869599,"z":-0.031504321843385699,"w":-0.9626250267028809},"size":0.41290968656539919,"orthographic":true}