{"cameraMode":{"drawMode":0,"name":"Shaded","section":"Shading Mode"},"sceneLighting":false,"audioPlay":false,"sceneViewState":{"m_AlwaysRefresh":false,"showFog":true,"showSkybox":false,"showFlares":true,"showImageEffects":true,"showParticleSystems":true,"showVisualEffectGraphs":true,"m_FxEnabled":true},"in2DMode":false,"pivot":{"x":0.1266157627105713,"y":0.8359124660491943,"z":-0.4312732219696045},"rotation":{"x":0.01889648288488388,"y":0.007498542312532663,"z":-0.00014104276488069445,"w":0.9997957348823547},"size":2.168628692626953,"orthographic":true}